name=elonmusk,name=alfredaston2,'2021-06-04 16:04'
name=elonmusk,name=gkurkdjian,'2021-05-29 17:09'
name=elonmusk,name=tlbtlbtlb,'2021-05-21 06:22'
name=elonmusk,name=stephaniersimon,'2021-05-05 06:52'
name=elonmusk,name=suhail,'2021-05-02 04:43'
name=elonmusk,name=mitchgillogly,'2021-04-28 18:36'
name=elonmusk,name=blmedieval,'2021-04-25 15:58'
name=elonmusk,name=stephen_wolfram,'2021-04-20 19:51'
name=elonmusk,name=kgao1412,'2021-04-13 19:23'
name=elonmusk,name=blasmoros,'2021-04-07 23:25'
name=elonmusk,name=lbflyawayhome,'2021-05-30 17:26'
name=elonmusk,name=plibin,'2021-05-25 17:23'
name=elonmusk,name=noorahealth,'2021-05-24 07:05'
name=elonmusk,name=wtfbuildings,'2021-05-22 02:48'
name=elonmusk,name=bobtreitman,'2021-05-21 21:25'
name=elonmusk,name=mathprinceps,'2021-05-14 16:52'
name=elonmusk,name=tlbtlbtlb,'2021-05-14 15:20'
name=elonmusk,name=tlbtlbtlb,'2021-05-12 03:25'
name=elonmusk,name=13ericralph31,'2021-05-05 00:50'
name=elonmusk,name=pingdom,'2021-05-04 22:31'
name=elonmusk,name=maxcroser,'2021-02-05 05:37'
name=elonmusk,name=svangel,'2020-12-12 19:02'
name=elonmusk,name=@BTCsessions,'2020-12-12 18:48'
name=elonmusk,name=BTCsessions,'2020-12-11 06:02'
name=elonmusk,name=@Teslarati,'2020-12-10 18:51'
name=elonmusk,name=@Teslarati,'2020-12-09 18:41'
name=elonmusk,name=@Teslarati,'2020-12-05 18:06'
name=@Teslarati,name=@13ericralph31,'2021-01-08 12:47'
name=@Teslarati,name=@13ericralph31,'2021-01-08 12:46'
name=@Teslarati,name=13ericralph31,'2021-01-08 12:45'
name=@Teslarati,name=13ericralph31,'2021-01-08 12:45'
name=@Teslarati,name=@13ericralph31,'2021-01-08 12:44'
name=@BTCsessions,name=13ericralph31,'2021-01-08 12:44'
name=@BTCsessions,name=@13ericralph31,'2020-12-08 12:43'
name=@BTCsessions,name=13ericralph31,'2021-01-08 12:42'
name=@BTCsessions,name=dogecoin_devs,'2020-12-08 12:42'