name=paulg,name=alfredaston2,'2021-06-04 16:04'
name=paulg,name=gkurkdjian,'2021-05-29 17:09'
name=paulg,name=tlbtlbtlb,'2021-05-21 06:22'
name=paulg,name=stephaniersimon,'2021-05-05 06:52'
name=paulg,name=suhail,'2021-05-02 04:43'
name=paulg,name=mitchgillogly,'2021-04-28 18:36'
name=paulg,name=blmedieval,'2021-04-25 15:58'
name=paulg,name=stephen_wolfram,'2021-04-20 19:51'
name=paulg,name=kgao1412,'2021-04-13 19:23'
name=paulg,name=blasmoros,'2021-04-07 23:25'
name=paulg,name=lbflyawayhome,'2021-03-30 17:26'
name=paulg,name=plibin,'2021-03-25 17:23'
name=tlbtlbtlb,name=noorahealth,'2021-03-24 07:05'
name=tlbtlbtlb,name=wtfbuildings,'2021-03-22 02:48'
name=tlbtlbtlb,name=bobtreitman,'2021-03-21 21:25'
name=jesslivingston,name=mathprinceps,'2021-03-14 16:52'
name=jesslivingston,name=tlbtlbtlb,'2021-03-14 15:20'
name=jesslivingston,name=tlbtlbtlb,'2021-03-12 03:25'
name=paulg,name=lemonodor,'2021-03-05 00:50'
name=paulg,name=pingdom,'2021-03-04 22:31'
name=paulg,name=maxcroser,'2021-02-05 05:37'
name=paulg,name=svangel,'2020-12-12 19:02'
name=paulg,name=svangel,'2020-12-12 18:48'
name=jesslivingston,name=TurnerNovak,'2020-12-11 06:02'
name=jesslivingston,name=DzintraSullivan,'2020-12-10 18:51'
name=jesslivingston,name=NAChristakis,'2020-12-09 18:41'
name=jesslivingston,name=adamsteinbaugh,'2020-12-05 18:06'
name=adamsteinbaugh,name=NAChristakis,'2020-12-05 18:06'
name=adamsteinbaugh,name=DzintraSullivan,'2020-12-05 18:06'
name=adamsteinbaugh,name=NAChristakis,'2020-12-05 18:06'
name=adamsteinbaugh,name=NAChristakis,'2020-12-05 18:06'
name=TurnerNovak,name=tlbtlbtlb,'2020-12-05 18:06'
name=TurnerNovak,name=tlbtlbtlb,'2020-12-05 18:06'