word1,word2,freq
既有,nsubj 两者,1
既有,dobj 联系,1
有,dobj 区别,1
有,dobj 处,1
相似,nsubj 算法,1
有,nsubj 视觉,1
有,dobj 重叠,1
进行,nsubj 本文,1
进行,dobj 区分,1
分类,nsubj 学科,1
分类,dobj 机器,1
作为,nsubj 视觉,1
作为,dobj 学科,1
有别于,dobj 视觉,1
属于,nsubj 计算机,1
属于,nsubj 视觉,1
属于,dobj 计算机,1
属于,dobj 科学,1
提取,dobj 信息,1
涉及,dobj 理论,1
跨学科,nsubj 她,1
提取,nsubj 视觉,1
处理,dobj 信息,1
提取,nsubj 计算机,1
提取,nsubj 视觉,1
处理,dobj 信息,1
一样,nsubj 程度,1
看作,dobj 主体,1
应用,nsubj 视觉,1
限于,nsubj 视觉,1
限于,dobj 领域,1
包括,nsubj 视觉,1
估计,nsubj 姿态,1
估计,nsubj 运动,1
包括,dobj 恢复,1
采用,nsubj 计算机,1
采用,nsubj 视觉,1
结合,nsubj 技术,1
采用,dobj 手段,1
着重于,dobj 图像,1
序列,nsubj 图像,1
获取,nsubj 传感器,1
偏重,nsubj 视觉,1
偏重,dobj 工程化,1
分析,dobj 图像,1
控制,dobj 行为,1
提供,nsubj 视觉,1
提供,dobj 分析,1
提供,nsubj 视觉,1
提供,dobj 构造,1
实现,dobj 手段,1
共用,nsubj 二者,1
共用,dobj 系统,1
不同,nsubj 方向,1
共用,dobj 应用,1
点击,dobj 上方,1
点击,dobj 视觉,1
选择,dobj 干货,1
送达,nsubj 时间,1
送达,dobj 计算机,1
分析,nsubj 视觉,1
分析,dobj 图像,1
包括,dobj 视频,1
分析,dobj 技术,1
处理,nsubj 图像,1
处理,dobj 算法,1
促进,dobj 计算机,1
变得,nsubj 加工,1
涉及,nsubj 他们,1
进行,dobj 作业,1
开采,dobj 煤炭,1
从事,dobj 工作,1
面临,nsubj 人,1
面临,dobj 风险,1
下用,nsubj 条件,1
下用,dobj 机器,1
使用,dobj 智能,1
实现,dobj 目标,1
意味着,nsubj 4.,1
控制,nsubj 过程,1
进行,dobj 交互,1
创建,nsubj 核心,1
指,nsubj 它,1
进行,dobj 数字化,1
实施,dobj 工业,1
安装,nsubj 条件,1
收集,dobj 过程,1
安装,dobj 数据,1
进行,dobj 分析,1
之一,nsubj 摄像机,1
获取,nsubj 系统,1
获取,dobj 对象,1
进行,nsubj 过程,1
进行,dobj 分析,1
解决,dobj 任务,1
有,nsubj CV,1
有,dobj 应用,1
控制,dobj 监控,1
控制,nsubj 质量,1
控制,dobj 检查,1
取决于,nsubj 结果,1
取决于,dobj 程度,1
导致,nsubj 过程,1
导致,dobj 问题,1
减少,dobj 影响,1
提高,dobj 可靠性,1
采用,dobj 系统,1
有,dobj 检查,1
借助,dobj 网络,1
有,dobj 缺陷,1
检测,dobj 产品,1
让,nsubj 比率,1
让,dobj 计算机,1
让,dobj 视觉,1
代替,dobj 人力,1
导致,nsubj 缺陷,1
导致,dobj 问题,1
研究,nsubj 人,1
研究,dobj 情况,1
还有,dobj 方法,1
使用,dobj 信息,1
识别,nsubj 系统,1
识别,dobj 情况,1
进行,dobj 跟踪,1
减少,dobj 发生,1
运行,nsubj 设备,1
确保,dobj 运行,1
减少,dobj 风险,1
使用,dobj 数据,1
工作,nsubj 人们,1
包括,nsubj 其中,1
包括,dobj 存在,1
检测,nsubj 方案,1
检测,dobj 情况,1
提供,dobj 反馈,1
形成,dobj 习惯,1
触发,dobj 警报,1
检测,dobj 明火,1
破裂,nsubj 管道,1
识别,dobj 试图,1
带,dobj 保护区,1
遗弃,dobj 物体,1
试图,dobj 情况,1
跟踪,dobj 情况,1
进行,dobj 检测,1
跟踪,nsubj 系统,1
跟踪,dobj 活动,1
改善,dobj 管理,1
控制,dobj 计算机,1
运营,dobj 视觉,1
用于,dobj 设施,1
分析,nsubj 视频,1
包括,nsubj 范围,1
包括,dobj 定位,1
识别,nsubj 能力,1
超越,dobj 活动,1
提高,nsubj 分配,1
提高,dobj 生产率,1
增加,dobj 使用率,1
进行,nsubj 我们,1
进行,dobj 分类,1
进行,dobj 大小,1
分析,nsubj 碎片,1
使,dobj 爆破,1
成为,dobj 可能,1
使,nsubj 系统,1
使,dobj 生产率,1
了解,nsubj 仪,1
了解,dobj 工作,1
监视,nsubj 任务,1
监视,dobj 碎石,1
发现,dobj 物体,1
送入,dobj 设备,1
进行,dobj 处理,1
调整,nsubj 值,1
调整,dobj 模式,1
实现,dobj 产量,1
用于,nsubj 设计,1
进行,dobj 系统,1
集合,nsubj 矿物,1
确定,nsubj 系统,1
确定,dobj 存在,1
损失,dobj 齿,1
使,dobj 生产率,1
降低,dobj 1.3,1
到达,dobj 破碎机,1
造成,nsubj 这,1
造成,dobj 停机,1
相当于,dobj $,1
包括,dobj 费用,1
降,nsubj 信号,1
无,dobj 人,1
驾驶,dobj 飞机,1
进入,dobj 区域,1
使用,nsubj 公司,1
监控,dobj 运营,1
使用,dobj 水坝,1
检测,dobj 泄漏,1
分析,nsubj 方案,1
废弃,dobj 矿井,1
分析,dobj 条件,1
控制,dobj 条件,1
控制,dobj 水污染,1
借助,dobj 技术,1
还原,nsubj 工程师,1
还原,dobj 矿图,1
监视,dobj 状态,1
学,nsubj 冶金,1
具有,nsubj 视觉,1
具有,dobj 质量,1
寻找,nsubj 机械性,1
具有,dobj 需,1
需,dobj 特性,1
寻找,dobj 潜力,1
证明,nsubj 事实,1
学习,nsubj 机器,1
解决,nsubj 参与,1
解决,dobj 任务,1
花费,nsubj 开发,1
使用,dobj 存储,1
发现,nsubj 视觉,1
发现,dobj 材料,1
预测,dobj 性能,1
影响,nsubj 结构,1
影响,dobj 开裂,1
用于,nsubj 裂缝,1
链接,dobj 特性,1
扩展,dobj 路径,1
具有,nsubj 技术,1
具有,dobj 性质,1
使用,dobj 工具,1
分析,nsubj 颜色,1
揭示,dobj 条件,1
训练,dobj 网络,1
识别,dobj 铁素体,1
渗,dobj 碳体,1
处理,nsubj 机器人,1
处理,nsubj 机器人,1
取代,dobj 劳动,1
旨在,nsubj 模型,1
执行,dobj 任务,1
使用,nsubj 机器人,1
使用,dobj 杯,1
放置,dobj 对象,1
喷漆,nsubj 他们,1
执行,dobj 点焊,1
执行,dobj 操作,1
配备,dobj 计算机,1
配备,dobj 系统,1
执行,nsubj 机器人,1
执行,dobj 任务,1
大,nsubj 特点,1
大,nsubj 变化,1
使用,nsubj 机器人,1
使用,dobj 时间,1
渗透,nsubj I,1
渗透,dobj 领域,1
用于,dobj 应用,1
计算,nsubj GPU,1
涉及,nsubj 视觉,1
涉及,dobj 传感器,1
具有,dobj 系统,1
考虑,nsubj 机器人,1
分析,dobj 摄像机,1
视,dobj 数据,1
考虑,dobj 位置,1
使,nsubj 方法,1
使,dobj 机器人,1
执行,dobj 任务,1
具有,dobj 视觉,1
需要,nsubj 机器人,1
配置,nsubj 它们,1
任务,nsubj 机器人,1
具有,dobj 灵活性,1
知道,nsubj 机器人,1
知道,dobj 参数,1
完成,dobj 工作,1
使,nsubj 适应性,1
使,dobj 他们,1
选择,dobj 零件,1
进行,dobj 本地化,1
进行,dobj 分级,1
之一,nsubj 投资,1
捕获,nsubj 算法,1
带有,dobj 手臂,1
抓取,dobj 物体,1
高达,nsubj 它,1
高达,dobj 对象,1
捕获,nsubj 速度,1
捕获,dobj 对象,1
评估,nsubj 它,1
评估,dobj 选项,1
捕获,dobj 对象,1
捕获,nsubj 人类,1
捕获,dobj 物体,1
扩展,nsubj 计算机,1
扩展,nsubj 视觉,1
扩展,dobj 功能,1
提高,dobj 生产率,1
找到,dobj 方法,1
成为,nsubj 机器人,1
有,dobj 前途,1
成为,dobj 领域,1
服务,nsubj 他们,1
交付,nsubj 货物,1
运输,nsubj 他们,1
运输,dobj 货物,1
支持,nsubj 机器人,1
工作,nsubj 电线,1
电线,dobj 设施,1
提高,nsubj 它们,1
提高,dobj 效率,1
降低,dobj 成本,1
成为,dobj 部分,1
使,nsubj 机器人,1
使,dobj 亚马逊,1
节省,nsubj 行业,1
在,nsubj 成本,1
取决于,dobj 行业,1
使用,nsubj 机器人,1
操纵,nsubj 机器人,1
使用,dobj 视觉,1
避免,dobj 碰撞,1
雷达,nsubj 数据源,1
检测,dobj 物体,1
运动,dobj 跟踪,1
了解,nsubj 机器人,1
了解,dobj 环境,1
预测,dobj 运动,1
必不可少,nsubj 这,1
避免,nsubj 导航,1
避免,dobj 障碍,1
定位,nsubj 路径,1
使用,nsubj 任务,1
使用,dobj 原理,1
用于,dobj 仓储,1
存在,dobj 方案,1
包括,dobj 机,1
推出,nsubj 公司,1
推出,dobj 装载机,1
快,nsubj 它们,1
分拣,dobj 物品,1
存储,dobj 单元,1
配备,nsubj 机器人,1
配备,dobj 模型,1
使,nsubj 模型,1
使,dobj 其,1
使,dobj 导航,1
选择,dobj 盒子,1
扩大,nsubj 抓手,1
扩大,dobj 范围,1
手柄,nsubj 动力,1
交流,nsubj 机器人,1
加入,dobj 读者群,1
计算,dobj 竞赛,1
交流,dobj 微信群,1
扫描,dobj 下面,1
加群,nsubj 信号,1
视觉,nsubj 交大,1
SLAM,nsubj 视觉,1
不予,dobj 通过,1
进入,dobj 微信群,1
发送,nsubj 请勿,1
发送,dobj 广告,1
教程,nsubj I,1
教程,dobj 地址,1
所有,nsubj 版权,1
联系,dobj 作者,1
查看,nsubj I,1
查看,dobj 系列,1
for,nsubj Learning,1
for,dobj 笔记,1
查看,nsubj 视频,1
见,nsubj 方式,1
见,dobj 文末,1
做,nsubj I,1
做,dobj 介绍,1
围绕,dobj 网络,1
ResNet,nsubj VGG,1
围绕,dobj ezenet,1
围绕,dobj 讲解,1
有,dobj 任务,1
知道,nsubj 大家,1
视觉,nsubj 方向,1
有,nsubj 领域,1
分割,nsubj 图像,1
分割,dobj 任务,1
示,nsubj 图,1
示,dobj 任务,1
理解,nsubj 机器,1
理解,nsubj 视觉,1
理解,dobj 图像,1
判定,nsubj 我们,1
判定,dobj 类别,1
任务,nsubj 它,1
取得,nsubj 模型,1
取得,dobj 突破,1
实现,dobj 任务,1
了解,nsubj 大家,1
催生,nsubj SVRC,1
催生,dobj 结构,1
提供,dobj 基础,1
有,dobj 应用,1
包括,dobj 识别,1
化归,dobj 任务,1
关心,nsubj 任务,1
关心,dobj 类别,1
关注,nsubj 检测,1
关注,dobj 目标,1
识别,dobj 物,1
要求,nsubj 任务,1
分离,nsubj 我们,1
分离,dobj 目标,1
确定,dobj 描述,1
列表,nsubj 形式,1
给出,dobj 目标,1
使用,dobj 框,1
分割,nsubj 图像,1
分割,nsubj 图像,1
包括,dobj 分割,1
segmentation,nsubj instance,1
拓展,nsubj 前者,1
具有,dobj 语义,1
离开,dobj 部分,1
相当于,dobj 分类,1
拓展,nsubj 后者,1
描述,dobj 轮廓,1
精细,nsubj 框,1
描述,nsubj 分割,1
赋予,nsubj 它,1
赋予,dobj 意义,1
要求,dobj 场景,1
无,dobj 人,1
赋予,dobj 划分,1
总结,nsubj 1.4,1
总结,dobj 分类,1
单个,dobj 类别,1
划分,dobj 过程,1
对应,nsubj 它,1
对应,dobj 物体,1
包含,nsubj 图像,1
包含,dobj 物体,1
使用,dobj 模型,1
粗糙,nsubj 标签,1
识别,nsubj 模型,1
识别,dobj 图片,1
识别,dobj 物体,1
给出,dobj 位置,1
有用,nsubj 检测,1
无,dobj 系统,1
常见,nsubj 介绍,1
算法,nsubj 检测,1
示,nsubj 图,1
任务,nsubj 思路,1
示,nsubj pipeline,1
示,nsubj 图,1
借助,nsubj 我们,1
借助,dobj 输出,1
用于,nsubj 分支,1
做,dobj 分类,1
连接,dobj Softmax,1
连接,dobj 类别,1
需要,nsubj 这里,1
需要,dobj 类,1
用于,nsubj 分支,1
用于,dobj 位置,1
完成,dobj 输出,1
完成,dobj 数字,1
包围,dobj 盒,1
完成,dobj 位置,1
包围,nsubj 纵坐,1
包围,dobj 长宽,1
只有,nsubj 结果,1
判断,dobj 背景,1
包括,dobj 步骤,1
利用,dobj 尺寸,1
作为,nsubj 一部分,1
作为,dobj 区域,1
提取,dobj 特征,1
常用,nsubj 检测,1
常用,nsubj 检测,1
利用,dobj 分类器,1
进行,dobj 识别,1
分为,nsubj 方法,1
分为,nsubj 方法,1
分为,dobj 检测,1
生成,nsubj 阶段,1
作为,dobj 框,1
进行,dobj 分类,1
有,dobj CNN,1
产生,nsubj 阶段,1
产生,dobj 框,1
产生,dobj 问题,1
转化,dobj 回归,1
处理,nsubj 问题,1
处理,dobj Process,1
有,dobj D,1
候选,dobj 区域,1
占,dobj 优,1
占,dobj 优,1
候选,dobj 提取,1
介绍,nsubj 我们,1
介绍,dobj 方法,1
介绍,dobj 方法,1
算法,nsubj 检测,1
算法,dobj 发展史,1
算法,nsubj 检测,1
算法,dobj R,1
学习,nsubj CNN,1
学习,dobj 算法,1
应用,dobj 检测,1
代替,nsubj 方法,1
提取,dobj 算法,1
选取,nsubj 思想,1
选取,dobj 区域,1
作为,nsubj 区域,1
进入,dobj 网络,1
算法,nsubj 算法,1
找出,nsubj 它,1
找出,dobj Proposal,1
进行,dobj 回归,1
Proposal,nsubj Region,1
出现,nsubj Proposal,1
出现,nsubj 目标,1
需要,nsubj 方法,1
多,nsubj 区域,1
利用,dobj 图像,1
利用,dobj 信息,1
少,nsubj 选取,1
保证,dobj 窗口,1
比,nsubj 响应,1
转变,nsubj 问题,1
转变,dobj 找出,1
含有,dobj 框,1
避免,nsubj 我们,1
举,nsubj 枚,1
避免,dobj 框,1
包括,nsubj 流程,1
包括,nsubj 检测,1
包括,dobj 步骤,1
利用,dobj 选择性,1
算法,nsubj Search,1
包含,nsubj 2000,1
相同,nsubj 大小,1
缩放,dobj warp,1
成,dobj 统一,1
缩放,dobj \,1
times,dobj 大小,1
输入,dobj CNN,1
作为,dobj 特征,1
输入,dobj SVM,1
进行,dobj 分类,1
使用,dobj 特征,1
训练,dobj 线性,1
进行,dobj 调整,1
进行,dobj R,1
不足,nsubj CNN,1
优化,dobj 效果,1
如下,dobj 图,1
有,dobj 处,1
举,nsubj CNN,1
需要,dobj 穷,1
举,dobj 框,1
选取,nsubj 它,1
进行,dobj 特征,1
进行,dobj 分类,1
大,nsubj 量,1
慢,nsubj 速度,1
需要,nsubj 图,1
search,nsubj Selective,1
提取,nsubj search,1
训练,nsubj 质量,1
训练,nsubj 分类器,1
训练,dobj 方式,1
一部分,nsubj proposal,1
进行,dobj 特征,1
映射,nsubj proposal,1
输入,nsubj 特征,1
连接,dobj 层,1
做,dobj 操作,1
一样,nsubj 大小,1
连接,dobj 层,1
连接,dobj 层,1
引入,nsubj 改进,1
引入,dobj SPP,1
诞生,dobj 模型,1
图像,nsubj 我们,1
知道,nsubj 学习,1
需要,nsubj 层,1
需要,dobj 尺寸,1
连接,dobj 层,1
需要,dobj 输入,1
连接,dobj 层面,1
连接,dobj 数据,1
进行,dobj crop,1
不同,nsubj 大小,1
成,dobj 大小,1
输入,dobj CNN,1
接受,nsubj 层,1
接受,dobj 尺寸,1
使得,nsubj 结构,1
使得,dobj 后面,1
连接,dobj 层,1
使得,dobj 输入,1
神奇,nsubj 化腐朽,1
pooling,nsubj 结构,1
layer,nsubj pooling,1
如下,nsubj 下图,1
如下,nsubj 结构,1
换,dobj SPP,1
如下,nsubj 细节,1
features,dobj map,1
固定,nsubj 大小,1
\,nsubj ∗,1
\,nsubj ∗,1
\,dobj st,1
为,nsubj 长度,1
集,nsubj 数据,1
集,dobj 类别,1
集,dobj 数,1
调整,dobj 大小,1
进行,dobj 调整,1
有,dobj 优点,1
实现,dobj 尺度,1
使得,dobj 图像,1
变,nsubj 输出,1
计算,nsubj CNN,1
计算,dobj 卷积,1
计算,nsubj SPPNet,1
计算,dobj 卷积,1
节省,dobj 时间,1
做,nsubj proposal,1
操作,dobj SPP,1
进行,nsubj Net,1
进行,dobj 计算,1
feature,nsubj 特征,1
feature,dobj map,1
找到,dobj 框,1
feature,dobj map,1
作为,dobj 特征,1
feature,dobj 层,1
完成,dobj 工作,1
慢,nsubj CNN,1
提出,nsubj 问题,1
基于,dobj CNN,1
提出,dobj CNN,1
改进,nsubj 核心,1
改进,nsubj CNN,1
改进,dobj 部分,1
融合,nsubj ①,1
使用,dobj Regressor,1
减少,dobj 速度,1
进行,nsubj 框,1
进行,dobj 输入,1
改用,dobj Project,1
成,nsubj pooling,1
成,dobj 大小,1
通过,dobj FC,1
示,nsubj 环节,1
示,nsubj 图,1
示,dobj Fast,1
包括,nsubj CNN,1
如下,nsubj 环节,1
一样,nsubj CNN,1
采用,nsubj CNN,1
方法,nsubj 采用,1
产生,dobj Proposal,1
生成,nsubj 图片,1
生成,dobj 图片,1
去,nsubj 不同,1
去,dobj 截取,1
输入,dobj CNN,1
进行,dobj CNN,1
找到,dobj Proposal,1
去,dobj 位置,1
计算,nsubj Convolution,1
输入,dobj CNN,1
提供,nsubj 工具包,1
VGG,nsubj 默认,1
提供,dobj 结构,1
只用,nsubj CNN,1
只用,dobj Max,1
换成,dobj Pooling,1
坐标,dobj x,1
),nsubj h,1
找到,dobj 整数,1
得到,dobj ROI,1
进行,nsubj Pooling,1
进行,dobj Pooling,1
Max,dobj Pooling,1
到,dobj 维度,1
划分,nsubj 原理,1
times,nsubj \,1
大,nsubj 中取,1
划分,dobj 值,1
池,nsubj ROI,1
池,dobj 大小,1
times,nsubj \,1
times,dobj 维度,1
连接,dobj 层,1
向量,nsubj 输出,1
连接,dobj 层,1
用,dobj regressor,1
进行,dobj 分类,1
回归,dobj 预测,1
得到,dobj 坐标,1
连接,dobj 层,1
矩阵,dobj 运算,1
多,nsubj 消耗,1
慢,nsubj 速度,1
提出,nsubj 作者,1
使用,dobj SVD,1
提出,dobj 分解,1
连接,dobj 层,1
加快,dobj 计算,1
),nsubj 背景,1
),nsubj 种类,1
),nsubj 背景,1
),dobj 种类,1
),nsubj 背景,1
函数,nsubj 使用,1
回归,nsubj 函数,1
使用,dobj 回归,1
使用,nsubj 函数,1
Loss,nsubj 使用,1
介绍,nsubj 原理,1
示,nsubj 效果,1
示,nsubj 上图,1
有,nsubj 它,1
有,dobj 提升,1
有,nsubj 它,1
有,dobj 处,1
观察,nsubj 大家,1
观察,dobj 流程,1
候选,dobj 选择,1
发现,dobj 方法,1
瓶颈,nsubj 它,1
进行,dobj 加速,1
做,nsubj CNN,1
做,dobj 改进,1
提出,dobj Network,1
代替,dobj Search,1
如下,nsubj 结构,1
分为,dobj 分类,1
回归,dobj 部分,1
结构,nsubj Anchor,1
表示,nsubj 它,1
所在,nsubj 物体,1
表示,dobj 区域,1
生成,nsubj anchor,1
上,dobj 点,1
生成,dobj 比例,1
示意图,nsubj 下图,1
生成,nsubj 点,1
生成,dobj 尺度,1
为,dobj \,1
×,nsubj times,1
times,nsubj \,1
anchor,nsubj 比例,1
检测,dobj 物体,1
考虑,dobj 形状,1
proposal,nsubj 物体,1
网络,nsubj N,1
分成,nsubj 原理,1
分成,dobj classification,1
得到,nsubj 部分,1
times,nsubj map,1
\,nsubj 1,1
times,nsubj \,1
times,dobj 卷积,1
\,nsubj 维度,1
],nsubj 18,1
times,nsubj \,1
times,nsubj times,1
times,nsubj \,1
times,nsubj \,1
分解,nsubj channel,1
分解,dobj \,1
感兴趣,dobj score,1
代表,dobj anchors,1
维度,nsubj 图,1
生成,nsubj \,1
生成,nsubj 点,1
生成,dobj anchor,1
有,dobj score,1
差不多,nsubj Regression,1
回归,dobj Classification,1
feature,dobj map,1
times,nsubj \,1
\,nsubj 1,1
times,nsubj \,1
times,dobj 卷积,1
\,nsubj 维度,1
×,nsubj 38,1
times,nsubj \,1
times,nsubj \,1
times,nsubj \,1
分成,nsubj channel,1
分成,dobj \,1
一样,nsubj cls,1
生成,nsubj 网络,1
做,dobj regression,1
bbox,nsubj 预测,1
算,dobj bbox,1
坐标,dobj x,1
h,dobj x,1
生成,dobj proposal,1
得出,nsubj 区,1
得出,dobj Proposals,1
U,nsubj anchor,1
U,nsubj I,1
IoU,nsubj 0.7,1
0.7,nsubj IoU,1
0.7,dobj IoU,1
U,nsubj I,1
IoU,nsubj 3,1
忽略,dobj 一般来说,1
为,nsubj 比例,1
有,nsubj 训练样,1
有,dobj 方式,1
监督,nsubj 网络,1
监督,dobj 训练,1
包含,dobj 分类,1
回归,dobj 任务,1
回归,dobj 分支,1
如下,nsubj 方式,1
构成,nsubj loss,1
回归,dobj loss,1
求和,dobj 结构,1
使用,nsubj 分类,1
使用,dobj 损失,1
使用,nsubj 函数,1
Loss,nsubj 使用,1
回归,dobj Loss,1
1,nsubj L,1
L,dobj 1,1
分支,nsubj 回归,1
说,nsubj Loss,1
回归,dobj Loss,1
L,nsubj Smooth,1
1,nsubj L,1
限制,nsubj Loss,1
限制,dobj 梯度,1
当,nsubj ①,1
当,dobj truth,1
像,nsubj 梯度,1
像,dobj L,1
那样,nsubj Loss,1
当,dobj truth,1
值,nsubj 梯度,1
比,dobj L,1
小,nsubj Loss,1
优,nsubj 局部,1
生成,dobj Proposals,1
结合,dobj 分类,1
得出,nsubj 结果,1
得出,dobj Proposals,1
U,nsubj I,1
IoU,nsubj 0.7,1
0.7,nsubj IoU,1
0.7,dobj IoU,1
U,nsubj I,1
忽略,nsubj anchor,1
保留,nsubj anchor,1
为,nsubj 比例,1
得到,dobj Proposal,1
除掉,dobj 长宽,1
筛选,dobj 框,1
进行,dobj 排序,1
取前,dobj N,1
取前,dobj top,1
筛选,dobj 结果,1
候选,nsubj Pooling,1
候选,nsubj 思想,1
候选,dobj 框,1
候选,dobj 特征,1
一致,nsubj 大小,1
候选,dobj 框,1
分为,dobj 区域,1
作为,nsubj 值,1
作为,dobj 输出,1
不足,nsubj Pooling,1
涉及,dobj 映射,1
涉及,dobj 问题,1
产生,dobj 坐标,1
feature,dobj map,1
相当于,dobj pixel,1
存在,dobj 小数,1
造成,nsubj 这,1
造成,dobj 误差,1
划分,dobj grid,1
坐标,dobj 量化,1
经过,nsubj 坐标,1
经过,dobj 量化,1
大于,nsubj ROI,1
有,dobj 误差,1
回,dobj 误差,1
大于,nsubj 误差,1
大于,dobj 物体,1
友好,nsubj 这,1
消除,nsubj Align,1
消除,dobj 误差,1
带,nsubj 原理,1
带,nsubj ROI,1
带,dobj 坐标,1
量化,dobj 坐标,1
不取,nsubj Align,1
不取,dobj 值,1
划分,dobj \,1
划分,dobj 小格,1
找到,dobj 点,1
点,dobj 值,1
差值,nsubj 双线性,1
进行,dobj 差值,1
求得,dobj 中心,1
点,nsubj 中心,1
作为,nsubj 值,1
i,nsubj l,1
作为,dobj 值,1
分类,nsubj 下面,1
展开,nsubj 流程,1
示,nsubj 图,1
如下,nsubj 方式,1
对比,nsubj 我们,1
对比,dobj 方式,1
分类,dobj 信息,1
分类,dobj 任务,1
如下,nsubj 标签,1
如下,nsubj 方式,1
问题,nsubj 分支,1
学习,dobj 类别,1
回归,dobj 分支,1
到,dobj 框,1
学习,dobj 偏移量,1
构成,nsubj 总体,1
回归,dobj 组合,1
如下,nsubj 效果,1
示,nsubj 图,1
点击,nsubj 学习,1
点击,dobj B,1
查看,dobj 视频,1
站,dobj 字幕,1
下载,nsubj 资料,1
面向,dobj 识别,1
讲,nsubj 网络,1
下载,nsubj 资料,1
教程,nsubj 学习,1
for,nsubj Learning,1
for,dobj 斯坦福,1
解读,dobj 计算机,1
教程,nsubj 视觉,1
教程,nsubj 基础,1
教程,nsubj 视觉,1
学习,nsubj 机器,1
学习,dobj 基础,1
教程,nsubj 视觉,1
教程,nsubj 视觉,1
传播,nsubj 反向,1
教程,nsubj 视觉,1
教程,nsubj 网络,1
教程,nsubj 视觉,1
教程,nsubj 技巧,1
教程,nsubj 计算机,1
教程,nsubj 视觉,1
教程,nsubj 技巧,1
教程,nsubj 计算机,1
教程,nsubj 视觉,1
介绍,nsubj 框架,1
教程,nsubj 计算机,1
教程,nsubj 视觉,1
VGG,nsubj 架构,1
Googlenet,nsubj VGG,1
教程,nsubj 计算机,1
教程,nsubj 视觉,1
Squee,nsubj 架构,1
教程,nsubj 计算机,1
教程,nsubj 视觉,1
教程,nsubj 视觉,1
教程,dobj 检测,1
),nsubj 系列,1
教程,nsubj 计算机,1
教程,nsubj 视觉,1
教程,dobj 检测,1
教程,nsubj 计算机,1
教程,nsubj 视觉,1
分割,nsubj 图像,1
分割,dobj FCN,1
),nsubj RefineNet,1
教程,nsubj 计算机,1
教程,nsubj 视觉,1
可视化,nsubj 模型,1
教程,nsubj 计算机,1
教程,nsubj 视觉,1
Pixel,dobj CNN,1
),nsubj GAN,1
教程,nsubj 计算机,1
教程,nsubj 视觉,1
强化,dobj 过程,1
),nsubj DQN,1
教程,nsubj 计算机,1
教程,nsubj 视觉,1
强化,dobj 学习,1
教程,nsubj 系列,1
推荐,dobj 大厂,1
实现,nsubj 技术,1
计算,nsubj 广告,1
计算,dobj 方案,1
实现,nsubj 技术,1
实现,nsubj 方案,1
实现,nsubj 技术,1
图解,nsubj 方案,1
图解,dobj Python,1
分析,nsubj 数据,1
精通,dobj 机器,1
学习,dobj 实战,1
教,nsubj 手把手,1
教,dobj 你,1
玩转,dobj 机器,1
学习,dobj 学习,1
教程,nsubj 课程,1
解读,dobj 计算机,1
空间,nsubj 目录,1
空间,nsubj 什么,1
空间,nsubj 什么,1
叫做,dobj HSB,1
有,dobj 关系,1
感知,dobj 颜色,1
表示,nsubj HSL,1
表示,dobj hue,1
表示,nsubj HSV,1
描述,nsubj 二者,1
描述,dobj 点,1
为,nsubj 取值,1
到,nsubj 黑色,1
到,dobj 顶部,1
为,dobj 白色,1
对应,dobj 色相,1
到,dobj 距离,1
使用,nsubj 艺术家,1
使用,nsubj 偏好,1
使用,dobj 模型,1
选择,dobj RGB,1
选择,dobj 模型,1
类似,nsubj 它,1
感觉,nsubj 人类,1
感觉,dobj 颜色,1
使用,dobj 方式,1
加法,dobj 原色,1
减法,dobj 模型,1
组合,nsubj 原色,1
定义,dobj 颜色,1
封装,dobj 信息,1
如何,nsubj 深浅,1
如何,nsubj 明暗,1
是,nsubj RGB,1
让,dobj 机器,1
显示,dobj 图像,1
贴近,nsubj HSV,1
贴近,dobj 认知,1
转换,nsubj 我们,1
做,dobj 提取,1
转换,dobj 里面,1
介绍,nsubj 心,1
指南,nsubj 这,1
介绍,dobj 视觉,1
模拟,nsubj 机器,1
过时,nsubj 幻想,1
出现,nsubj 论文,1
走,nsubj 视觉,1
出现,nsubj 系统,1
集成,nsubj 它们,1
成为,nsubj 视觉,1
学习,nsubj 机器,1
学习,dobj 之一,1
能力,nsubj 目标,1
复制,dobj 视觉,1
视觉,nsubj 什么,1
如何,nsubj 它,1
有,dobj 哪些,1
什么,nsubj 任务,1
介绍,nsubj 本文,1
介绍,dobj 应用,1
听说,dobj 计算机,1
什么,nsubj 它,1
了解,nsubj 本文,1
了解,dobj 问题,1
通读,nsubj 你,1
通读,dobj 本文,1
章节,nsubj 某个,1
视觉,nsubj 目录,1
视觉,nsubj 什么,1
解决,nsubj 计算机,1
解决,dobj 问题,1
区分,dobj 计算机,1
应用,nsubj 行业,1
驾驶,dobj 保险业,1
追踪,nsubj 目标,1
原理,dobj 通用,1
集,dobj 目标,1
驾驶,nsubj 特斯拉,1
实现,nsubj 视觉,1
实现,dobj 项目,1
视觉,nsubj 什么,1
解决,nsubj 计算机,1
理解,nsubj 人类,1
描述,dobj 场景,1
为,nsubj 图,1
为,dobj 例,1
做到,nsubj 人类,1
检测,nsubj 做到,1
有,dobj 车,1
看出,nsubj 人类,1
走路,nsubj 人,1
赤脚,nsubj 人,1
知道,nsubj 我们,1
谁,nsubj 他们,1
推断,nsubj 我们,1
危险,nsubj 人物,1
击,nsubj 车撞,1
推断,dobj 危险,1
停,nsubj 汽车,1
描述,nsubj 人类,1
描述,dobj 穿着,1
还有,dobj 纹理,1
技能,nsubj 这,1
给出,nsubj 问题,1
给出,dobj 图像,1
识别,nsubj 系统,1
识别,dobj 特征,1
描述,dobj 图像,1
完成,nsubj 视觉,1
远超,nsubj 任务,1
远超,dobj 领域,1
存在,nsubj 它们,1
存在,dobj 共同点,1
了解,nsubj 我们,1
了解,dobj 差异,1
处理,nsubj 图像,1
处理,dobj 处理,1
处理,dobj 图像,1
应用,dobj 某种,1
改进,nsubj 目标,1
改进,dobj 图像,1
作为,dobj 输入,1
描述,nsubj 目标,1
解释,dobj 图像,1
旋转,dobj 组件,1
用于,nsubj 视觉,1
用于,nsubj 视觉,1
执行,dobj 特例,1
检查,nsubj 系统,1
检查,dobj 容器,1
封装,nsubj 成品,1
帮助,dobj 产品,1
解决,nsubj 计算机,1
解决,nsubj 视觉,1
解决,dobj 问题,1
脸识,nsubj 人,1
实现,dobj 搜索,1
帮助,dobj 方法,1
应用,nsubj 行业,1
理解,nsubj 人类,1
理解,dobj 场景,1
稍加,dobj 训练,1
解释,dobj 图像,1
复杂,nsubj 领域,1
拥有,nsubj 它,1
拥有,dobj 应用,1
到,dobj 行业,1
利用,nsubj 公司,1
利用,dobj 能力,1
依赖于,dobj 机器,1
视觉,nsubj 具体地说,1
带来,nsubj 创新,1
到,dobj 利好,1
看看,nsubj 我们,1
受,dobj 计算机,1
大,nsubj 影响,1
应用,nsubj 行业,1
成为,nsubj 视觉,1
成为,dobj 之一,1
介绍,nsubj 下文,1
介绍,dobj 用例,1
想,nsubj 你,1
有,dobj 了解,1
参考,dobj learning,1
追踪,nsubj 行为,1
实体,dobj 计算机,1
实体,dobj 摄像头,1
了解,dobj 行为,1
识别,nsubj 算法,1
识别,dobj 人脸,1
确定,dobj 特征,1
利用,dobj 计算机,1
追踪,nsubj 技术,1
追踪,dobj 顾客,1
追踪,dobj 轨迹,1
分析,dobj 路线,1
受到,nsubj 店面,1
受到,dobj 注意,1
统计,dobj 次数,1
添加,dobj 方向,1
回答,dobj 问题,1
提升,dobj 体验,1
开发,nsubj 计算机,1
开发,dobj 工具,1
脸识,nsubj 人,1
算法,nsubj 脸识,1
用于,nsubj 算法,1
知,nsubj 识别,1
用于,dobj 扒手,1
检测,dobj 顾客,1
放入,dobj 背包,1
有,nsubj 视觉,1
有,dobj 应用,1
估计,nsubj 算法,1
生成,nsubj 商品,1
帮助,nsubj 它,1
帮助,dobj 管理者,1
察觉,dobj 需求,1
作出,dobj 反应,1
分析,nsubj 应用,1
分析,dobj 情况,1
发现,dobj 空间,1
提供,nsubj 算法,1
提供,dobj 方案,1
中断,nsubj 问题,1
中断,nsubj 机器,1
导致,nsubj 问题,1
导致,dobj 损失,1
实施,dobj 维护,1
证实,dobj 方法,1
发现,nsubj 算法,1
来自,dobj 摄像头,1
发现,dobj 问题,1
预测,nsubj 系统,1
中断,nsubj 机器人,1
用于,nsubj 这,1
降低,dobj 不良率,1
检测,nsubj 系统,1
检测,dobj 缺陷,1
使得,nsubj 这,1
使得,dobj 制造商,1
采取,dobj 办法,1
严重,nsubj 缺陷,1
继续,nsubj 流程,1
标记,nsubj 产品,1
指向,dobj 路径,1
停止,dobj 生产线,1
进行,nsubj 系统,1
进行,dobj 训练,1
进行,dobj 分类,1
庞大,nsubj 行业,1
庞大,nsubj 数量,1
例子,nsubj 分析,1
提升,nsubj 它,1
提升,dobj 流程,1
进行,nsubj 系统,1
扫描,nsubj CT,1
扫描,dobj 图像,1
进行,dobj 分析,1
找出,dobj 肿瘤,1
搜索,dobj 症状,1
分析,nsubj 图像,1
提取,nsubj 技术,1
训练,dobj 检测,1
训练,dobj 分类器,1
需要,nsubj 应用,1
需要,dobj 处理,1
进行,dobj 分析,1
分割,dobj 图像,1
找出,dobj 息肉,1
结,dobj 直肠癌,1
渲染,dobj CT,1
扫描,dobj 体,1
观察,nsubj 上图,1
观察,dobj 元素,1
分割,nsubj 图像,1
观察,dobj 结果,1
分割,nsubj 系统,1
分割,dobj 部分,1
投入,nsubj 应用,1
投入,dobj 使用,1
估计,dobj 情况,1
没有,dobj MRI,1
用武之地,nsubj 图像,1
提供,nsubj 技术,1
提供,dobj 帮助,1
事物,nsubj 系统,1
提供,dobj 体验,1
追踪,nsubj 视线,1
分析,nsubj 眼部,1
检测,dobj 障碍,1
自闭症,nsubj 儿童,1
阅读,dobj 障碍,1
相关,nsubj 行为,1
思考,nsubj 你,1
看,nsubj 汽车,1
看,dobj 路,1
扮演,nsubj 视觉,1
扮演,dobj 角色,1
帮助,nsubj 它,1
帮助,dobj 驾驶,1
驾驶,dobj 感知,1
了解,dobj 环境,1
令,nsubj 计算机,1
令,nsubj 视觉,1
令,dobj 人,1
检测,nsubj 之一,1
包括,nsubj 这,1
进行,dobj 分类,1
行人,nsubj 对象,1
示,nsubj 图,1
驾驶,dobj 检测,1
q,dobj WwFp2yXJow,1
进行,nsubj 技术,1
来自,dobj 来源,1
进行,dobj 分析,1
使得,dobj 汽车,1
任务,nsubj 检测,1
讨论,nsubj 我们,1
探讨,nsubj 文章,1
探讨,dobj 主题,1
参见,dobj blog,1
大,nsubj 视觉,1
大,nsubj 影响,1
指导,nsubj 应用,1
指导,dobj 客户,1
进行,dobj 处理,1
分析,nsubj 它,1
分析,dobj 图像,1
分析,dobj 经纪人,1
估计,nsubj 它,1
维护,dobj 费用,1
存在,nsubj 检测,1
存在,dobj 欺诈,1
缩短,dobj 流程,1
提供,dobj 体验,1
大,nsubj 视觉,1
避免,dobj 方面,1
大,nsubj 用处,1
阻止,dobj 碰撞,1
改变,dobj 保险业,1
有,nsubj 视觉,1
有,dobj 影响,1
精准,dobj 农业,1
生产,nsubj 粮食,1
存在,dobj 应用,1
面临,nsubj 生产,1
面临,dobj 问题,1
监控,nsubj 问题,1
检测,nsubj 算法,1
帮助,nsubj 诊断,1
帮助,dobj 农民,1
采取,dobj 措施,1
减少,dobj 损失,1
保证,dobj 质量,1
除草,nsubj 挑战,1
产生,nsubj 杂草,1
产生,dobj 抗药性,1
带来,dobj 损失,1
配备,dobj 计算机,1
配备,dobj 技术,1
出现,dobj 机器人,1
监控,nsubj 它们,1
监控,dobj 农田,1
出现,dobj 除草剂,1
节约,nsubj 这,1
使用,dobj 量,1
带来,dobj 益处,1
因素,nsubj 质量,1
识别,nsubj 应用,1
缺乏,nsubj 营养,1
缺乏,dobj 问题,1
提供,nsubj 应用,1
提供,dobj 土壤,1
恢复,dobj 可能,1
提供,dobj 方案,1
用于,nsubj 视觉,1
用于,dobj 分类,1
进行,nsubj 算法,1
识别,dobj 花卉,1
进行,dobj 分类,1
检测,nsubj 算法,1
检测,dobj 缺陷,1
长,nsubj 保鲜期,1
放置,nsubj 哪些,1
延长,nsubj 这,1
延长,dobj 保鲜期,1
上市,nsubj 农产品,1
减少,dobj 时间,1
类似,nsubj 安防,1
类似,nsubj 零售业,1
具备,dobj 要求,1
拍摄,nsubj 应用,1
进行,dobj 分析,1
识别,dobj 顾客,1
工具,nsubj 计算机,1
工具,nsubj 视觉,1
用于,nsubj 它,1
改进,dobj 检验,1
分析,nsubj 计算机,1
分析,nsubj 视觉,1
分析,dobj 图像,1
有,dobj 意义,1
提供,dobj 描述,1
提供,dobj 因素,1
应用,nsubj 计算机,1
应用,nsubj 视觉,1
搜索,dobj 援救,1
复制,nsubj 任务,1
复制,dobj 系统,1
基于,nsubj 视觉,1
基于,dobj 任务,1
实现,dobj 应用,1
识别,nsubj 任务,1
涉及,nsubj 识别,1
包含,nsubj 图像,1
涉及,dobj 对象,1
分类,nsubj 任务,1
进行,nsubj 它,1
进行,dobj 分类,1
看,nsubj 我们,1
看,dobj 例子,1
想,nsubj 我们,1
包含,nsubj 图像,1
进行,nsubj 景点,1
进行,dobj 分类,1
任务,nsubj 我们,1
构建,nsubj 任务,1
构建,dobj 分类器,1
提供,dobj 图像,1
见,dobj 下图,1
认为,nsubj 分类器,1
属于,nsubj 图像,1
包含,dobj 景点,1
属于,dobj 类别,1
意味着,nsubj 这,1
认出,nsubj 分类器,1
认出,dobj 埃菲尔铁,1
认出,dobj 塔,1
见,nsubj 它,1
见,dobj 照片,1
包含,dobj 景点,1
处理,nsubj 版本,1
处理,dobj 类别,1
类型,nsubj 分类器,1
输入,nsubj 图像,1
有,dobj 答案,1
假设,nsubj 定位,1
想,nsubj 我们,1
知道,dobj 名称,1
找出,nsubj 目标,1
找出,dobj 位置,1
标记,nsubj 位置,1
出,nsubj 框,1
定义,nsubj pg,1
执行,dobj 定位,1
定义,nsubj 方式,1
围住,nsubj 对象,1
定义,dobj 框,1
任务,nsubj 定位,1
执行,nsubj 它,1
执行,dobj 对象,1
构建,dobj 景点,1
集,nsubj 数据,1
想象,nsubj 我们,1
包含,dobj 动作,1
执行,nsubj 对象,1
执行,dobj 动作,1
检测,nsubj 这,1
未知,nsubj 数量,1
找出,nsubj 目标,1
找出,dobj 对象,1
进行,dobj 分类,1
看到,nsubj 我们,1
识别,nsubj 系统,1
识别,dobj 对象,1
包含,dobj 标志牌,1
算,nsubj 问题,1
显示,nsubj 对象,1
显示,dobj 一部分,1
重叠,nsubj 一部分,1
重叠,nsubj 彼此,1
大,nsubj 差别,1
计数,nsubj 应用,1
广泛,nsubj 它,1
广泛,nsubj 应用,1
计算,dobj 水果,1
到,dobj 人数,1
有,nsubj 检测,1
有,dobj 不同,1
使用,nsubj 它们,1
使用,dobj 技术,1
给出,dobj 对象,1
识别,nsubj 目标,1
找出,nsubj 目标,1
找出,dobj 实例,1
分类,nsubj 这,1
出现,nsubj 对象,1
执行,dobj 定位,1
包含,nsubj 搜索,1
logo,nsubj 公司,1
例子,nsubj 图像,1
图像,nsubj 例子,1
拍摄,nsubj 摄像头,1
图像,dobj 面部,1
分割,nsubj 我们,1
涉及,nsubj 它,1
找出,dobj 对象,1
创建,dobj 掩码,1
分割,nsubj 图注,1
分割,dobj 结果,1
看到,nsubj 你,1
分割,dobj 算法,1
创建,nsubj 汽车,1
创建,dobj 掩码,1
完整,nsubj 结果,1
执行,dobj 任务,1
高,nsubj 成本,1
分割,dobj 技术,1
使得,dobj 任务,1
简单,nsubj 实现,1
禁止,nsubj 法律,1
禁止,dobj 媒体,1
暴露,dobj 形象,1
使用,dobj 实例,1
分割,dobj 技术,1
模糊,dobj 面部,1
追踪,nsubj 目标,1
追踪,dobj 目标,1
移动,nsubj 时间,1
使用,nsubj 它,1
使用,dobj 帧,1
作为,dobj 输入,1
必要,nsubj 功能,1
执行,nsubj 它们,1
到,dobj 挡球,1
执行,dobj 任务,1
追踪,nsubj 目标,1
实现,nsubj 它,1
实现,dobj 规划,1
追踪,nsubj 目标,1
追踪,nsubj 人,1
理解,dobj 行为,1
包括,dobj 系统,1
追踪,nsubj 目标,1
追踪,nsubj 方式,1
实例,nsubj 对象,1
确定,dobj 轨迹,1
高昂,nsubj 缺陷,1
高昂,nsubj 成本,1
捕捉,nsubj 方式,1
一,nsubj 对象,1
出现,nsubj 对象,1
识别,dobj 对象,1
辨别,dobj 轨迹,1
检测,nsubj 方法,1
检测,dobj 对象,1
知道,nsubj 它,1
情况,nsubj 对象,1
示,nsubj 计算机,1
运行,nsubj 视觉,1
示,nsubj 原理,1
方式,nsubj 目标,1
实现,nsubj 算法,1
实现,dobj 目标,1
介绍,nsubj 本文,1
介绍,dobj 概念,1
改变,nsubj 技术,1
改变,dobj 领域,1
成为,nsubj 方法,1
成为,dobj 操作,1
超过,nsubj 性能,1
使用,dobj 计算机,1
达到,nsubj 技术,1
超过,dobj 结果,1
展示,nsubj 四,1
构建,nsubj CNN,1
构建,dobj 计算机,1
展示,dobj 方法,1
创建,dobj 包含,1
标注,dobj 图像,1
使用,dobj 数据,1
创建,dobj 集,1
进行,dobj 级,1
进行,dobj 问题,1
待,dobj 任务,1
识别,dobj 人脸,1
识别,dobj 器官,1
存在,nsubj 特征,1
存在,dobj 区别,1
意味着,nsubj 训练,1
学习,dobj 模型,1
输入,dobj 图像,1
解决,nsubj 模型,1
解决,dobj 任务,1
不同于,dobj 训练,1
不同于,dobj 图像,1
使用,dobj 模型,1
测试,dobj 模型,1
测试,dobj 准确率,1
基础,nsubj 策略,1
不错,nsubj 效果,1
叫做,nsubj 方法,1
监督,dobj 学习,1
包含,nsubj 它,1
待,nsubj 模型,1
待,dobj 现象,1
集,nsubj 数据,1
构建,dobj 数据,1
高昂,nsubj 成本,1
至关重要,nsubj 它们,1
有,nsubj 幸运,1
集,nsubj 数据,1
大,nsubj 规模,1
ImageNet,nsubj 大,1
标注,nsubj 数据,1
标注,dobj 图像,1
图像,nsubj 数据,1
具备,dobj 边界,1
标注,nsubj 框,1
带有,dobj 框,1
标注,nsubj 属性,1
集,nsubj 数据,1
集,nsubj 集,1
集,nsubj Micros,1
in,nsubj Common,1
),nsubj COCO,1
包含,nsubj 它,1
包含,dobj 类别,1
识别,nsubj 类别,1
识别,nsubj 孩童,1
标注,dobj 实例,1
标注,nsubj 数据,1
标注,dobj 图像,1
集,nsubj 领域,1
有,dobj 任务,1
包含,nsubj 数据,1
超过,dobj 名人,1
包含,dobj 图像,1
包含,dobj 图像,1
属于,dobj 类别,1
包括,dobj 植物,1
解决,nsubj 方法,1
解决,dobj 问题,1
Viola,nsubj Paul,1
成为,nsubj 方法,1
成为,dobj 方法,1
检测,nsubj 方法,1
检测,dobj 类别,1
启发,nsubj 它,1
受,dobj 人脸,1
受,dobj 目标,1
快速,nsubj 方法,1
执行,nsubj 它,1
浪费,dobj 能力,1
执行,dobj 人脸,1
训练,nsubj 特征,1
表示,nsubj 特征,1
计算,nsubj 线,1
检测,dobj 案例,1
捕捉,nsubj 特征,1
捕捉,dobj 元素,1
需要,nsubj 方法,1
需要,dobj 正类,1
负类,dobj 样本,1
检测,dobj 面部,1
讨论,nsubj 本文,1
讨论,dobj 细节,1
展示,nsubj 图,1
展示,dobj 过程,1
变革,dobj 学习,1
成为,nsubj 方法,1
成为,dobj 技术,1
易于,nsubj CNN,1
易于,dobj 理解,1
提出,nsubj 作者,1
提出,dobj 流程,1
利用,dobj 候选,1
利用,dobj proposal,1
利用,dobj 方法,1
提取,dobj 对象,1
识别,nsubj CNN,1
识别,dobj 特征,1
支持,dobj 向量,1
支持,dobj 机,1
进行,dobj 分类,1
提出,nsubj 方法,1
for,dobj Recognition,1
算法,nsubj CNN,1
使用,dobj 方法,1
重要,nsubj 步骤,1
减少,nsubj 它,1
减少,dobj 数量,1
降低,dobj 成本,1
提取,nsubj 这里,1
没有,nsubj 特征,1
直观,nsubj 特征,1
用于,nsubj CNN,1
提取,dobj 向量,1
具备,dobj 维度,1
之一,nsubj 这,1
解决,nsubj 方法,1
解决,dobj 问题,1
回到,dobj 方法,1
训练,dobj 架构,1
输入,dobj 区域,1
候选,dobj 区域,1
有,nsubj 大小,1
有,dobj 不同,1
使,nsubj 作者,1
扭曲,dobj 图像,1
使,dobj 维度,1
使,dobj 要求,1
扭曲,dobj 图像,1
取得,nsubj 方法,1
取得,dobj 结果,1
存在,dobj 困难,1
超越,nsubj 方法,1
超越,nsubj 方法,1
有,nsubj 方法,1
有,dobj 介绍,1
部署,nsubj 公司,1
回答,dobj 问题,1
提升,dobj 性能,1
成为,nsubj 它们,1
成为,dobj 一部分,1
注意,nsubj 你,1
注意,dobj 它,1
案例,nsubj 以下,1
意味着,nsubj 引擎,1
意味着,nsubj 出现,1
被,nsubj 技术,1
使用,nsubj 大众,1
检索,nsubj 引擎,1
检索,dobj 图像,1
关键词,nsubj 用例,1
提供,nsubj 我们,1
提供,dobj 图像,1
要求,dobj 引擎,1
找出,dobj 图像,1
指定,dobj 条件,1
拍摄,nsubj 图像,1
包含,dobj 个人,1
有,dobj 引擎,1
使用,nsubj 形式,1
应用,nsubj 有,1
Yahoo,nsubj 网站,1
使用,nsubj 网站,1
使用,dobj 图像,1
名,dobj 搜索,1
图,dobj 搜图,1
支持,nsubj Yahoo,1
支持,dobj 搜索,1
不错,nsubj 结果,1
示,nsubj 图,1
值得,nsubj 网站,1
值得,dobj 关注,1
支持,dobj 搜索,1
搜索,nsubj 文本,1
支持,dobj 搜索,1
大,nsubj 范围,1
成为,nsubj 技术,1
成为,dobj 特征,1
大,nsubj 区别,1
实现,dobj Goggles,1
取代,nsubj Lens,1
获取,nsubj 它,1
获取,dobj 信息,1
得到,dobj 信息,1
提供,dobj 信息,1
开发,nsubj Pinterest,1
开发,dobj Lens,1
需要,nsubj 你,1
现有,dobj 衣物,1
需要,dobj 穿,1
穿,dobj 想法,1
拍,nsubj 你,1
拍,dobj 张照,1
返回,nsubj Lens,1
返回,dobj 建议,1
包括,nsubj 建议,1
购买,nsubj 你,1
包括,dobj 单品,1
快,nsubj 增长,1
成为,dobj 之一,1
系统,nsubj 案例,1
参见,dobj answering,1
普遍,nsubj 人,1
普遍,nsubj 脸识,1
在,dobj 中期,1
使用,dobj 人脸,1
使用,dobj 技术,1
普遍,nsubj 相机,1
出现,nsubj 领域,1
出现,dobj 成绩,1
具,dobj 争议,1
识别,nsubj 应用,1
识别,dobj 人物,1
用于,nsubj 这,1
用于,dobj 系统,1
添加,nsubj 系统,1
添加,dobj 过滤器,1
执行,dobj 搜索,1
阻止,dobj 选民,1
可用,nsubj 人,1
可用,dobj 场景,1
引发,nsubj 其中,1
系统,nsubj 用例,1
引发,dobj 系统,1
阻止,nsubj 目标,1
阻止,dobj 陌生人,1
出现,dobj 人脸,1
使用,dobj 图像,1
见,dobj 下图,1
阻止,dobj 示例,1
告知,dobj 人物,1
脸识,nsubj 人,1
令,dobj 人,1
有益,nsubj 技术,1
对抗,dobj 骚扰,1
厌倦,nsubj Go,1
厌倦,dobj 等待,1
提供,nsubj 商店,1
提供,dobj 体验,1
排队,nsubj 这里,1
没有,dobj 包装箱,1
简单,nsubj 思路,1
进入,nsubj 顾客,1
进入,dobj 商店,1
选择,dobj 商品,1
离开,dobj 商店,1
多亏,dobj 技术,1
下载,nsubj 顾客,1
下载,dobj app,1
帮助,nsubj app,1
帮助,dobj Amazon,1
识别,dobj 身份,1
想,nsubj 他们,1
进入,dobj 商店,1
提供,nsubj app,1
提供,dobj 二维码,1
出入,nsubj 顾客,1
出入,dobj 商店,1
进入,nsubj 顾客,1
进入,dobj 商店,1
读取,nsubj 闸机,1
读取,dobj 二维码,1
陪伴,nsubj 功能,1
陪伴,nsubj 其他人,1
陪伴,dobj 顾客,1
进入,dobj 商店,1
陪伴,dobj 者,1
安装,dobj 程序,1
移动,nsubj 顾客,1
处,nsubj 这,1
发挥,nsubj 视觉,1
发挥,dobj 作用,1
有,dobj 传感器,1
收集,nsubj 设备,1
收集,dobj 信息,1
检测,nsubj 它们,1
拿取,nsubj 顾客,1
检测,dobj 货品,1
取,nsubj 顾客,1
取,dobj 货品,1
改变,dobj 主意,1
收费,nsubj 系统,1
递给,dobj 顾客,1
支付,nsubj 顾客,1
支付,dobj 费用,1
创建,nsubj 系统,1
创建,dobj 包含,1
包含,dobj 购物车,1
进行,dobj 维护,1
使得,nsubj 这,1
使得,dobj 流程,1
完成,nsubj 顾客,1
完成,dobj 购物,1
走出,dobj 商店,1
让,nsubj 他们,1
让,nsubj 系统,1
让,dobj 顾客,1
扫描,dobj 二维码,1
记录,dobj 交易额,1
发送,dobj 通知,1
Go,nsubj Amazon,1
产生,nsubj Go,1
产生,nsubj 视觉,1
产生,dobj 影响,1
产生,dobj 案例,1
让,nsubj Autopilot,1
让,dobj 汽车,1
行驶,dobj 梦,1
提供,nsubj 技术,1
提供,dobj 功能,1
系统,nsubj 这,1
驾驶,dobj 汽车,1
强调,nsubj 特斯拉,1
控制,dobj 汽车,1
检测,nsubj 驾驶,1
追踪,dobj 实现,1
使,dobj 工作,1
武装,nsubj 汽车,1
提供,nsubj 摄像头,1
提供,dobj 图像,1
用于,nsubj 传感器,1
处理,nsubj 雷达,1
处理,dobj 信息,1
调整,nsubj 汽车,1
调整,dobj 速度,1
遇到,dobj 障碍物,1
变换,dobj 车道,1
带来,nsubj 技术,1
带来,nsubj 视觉,1
带来,dobj 影响,1
带来,dobj 案例,1
帮助,nsubj InnerEye,1
帮助,nsubj InnerEye,1
帮助,dobj 医生,1
放射,dobj 图像,1
处理,dobj 工具,1
识别,nsubj 目的,1
识别,dobj 肿瘤,1
学习,dobj 技术,1
输出,nsubj InnerEye,1
图像,nsubj 输出,1
展示,nsubj 截图,1
创建,nsubj InnerEye,1
展示,dobj 分割,1
看到,nsubj 你,1
控制,nsubj 专家,1
控制,dobj 工具,1
指引,dobj 它,1
执行,dobj 任务,1
运行,nsubj InnerEye,1
使得,nsubj 结果,1
伤害,dobj 器官,1
进行,dobj 放射,1
成为,dobj 可能,1
帮助,nsubj 结果,1
帮助,dobj 放射科,1
理解,nsubj 医生,1
序列,nsubj 图像,1
有,nsubj 疾病,1
有,dobj 发展,1
成为,nsubj 图像,1
成为,dobj 方式,1
用于,nsubj InnerEye,1
规划,dobj 手术,1
谈论,nsubj 视觉,1
谈论,nsubj 大家,1
意味着,nsubj 这,1
量级,nsubj 公司,1
受益,nsubj 量级,1
学习,dobj 技术,1
利用,nsubj 公司,1
高效,nsubj 技术,1
制定,dobj 决策,1
来看,nsubj 我们,1
来看,dobj 案例,1
帮助,nsubj Tryolabs,1
实现,dobj 系统,1
检查,nsubj 屋顶,1
扩展,dobj 处理,1
使用,dobj 计算机,1
分析,nsubj 专家,1
分析,dobj 照片,1
检测,dobj 损伤,1
准确,nsubj 分析,1
准确,nsubj 结果,1
耗时,nsubj 服务,1
有限,nsubj 资源,1
得到,nsubj 服务,1
得到,dobj 扩展,1
解决,dobj 问题,1
构建,nsubj 我们,1
理解,dobj 图像,1
识别,dobj 问题,1
构建,dobj 系统,1
开发,nsubj 我们,1
能够,dobj 问题,1
开发,dobj 网络,1
输入,dobj 图像,1
使,dobj 结果,1
用于,dobj 工具,1
有所,nsubj 收益,1
有所,dobj 增长,1
选择,nsubj 你,1
有,dobj 策略,1
选择,dobj 方式,1
实现,dobj 项目,1
利用,dobj 计算机,1
实现,nsubj 技术,1
取决于,nsubj 创新,1
取决于,dobj 数据,1
帮助,nsubj 问题,1
帮助,dobj 你,1
构建,dobj 路线图,1
降低,nsubj 方案,1
降低,dobj 成本,1
增加,dobj 收益,1
降低,nsubj 项目,1
降低,dobj 成本,1
提高,dobj 兼顾,1
定义,nsubj 你,1
定义,dobj 该项,1
定义,dobj 目标,1
产生,nsubj 它,1
产生,dobj 影响,1
衡量,dobj 成功,1
不同,nsubj 项目,1
定义,nsubj 你,1
定义,dobj 指标,1
设置,dobj 指标,1
确保,nsubj 你,1
认可,nsubj 科学家,1
保证,dobj 获取,1
开启,dobj 计算机,1
开启,dobj 项目,1
访问,nsubj 科学家,1
访问,dobj 数据,1
